Genotype,Rmax,Ext,WA
a ala b b a ,420.9,23.61,5.6
a ala b b b ,400.1,23.23,5.6
a ala b b c ,391.6,23.19,5.35
a ala b d a ,348.6,23.87,4.58
a ala b d b ,327.8,23.49,4.59
a ala b d c ,319.3,23.45,4.34
a ala b g a ,448.4,23.67,6.04
a ala b g b ,427.6,23.29,6.05
a ala b g c ,419.1,23.25,5.79
a ala b h a ,392.4,23.7,5.55
a ala b h b ,371.6,23.32,5.56
a ala b h c ,363.1,23.28,5.31
a ala c b a ,399.2,23.07,5.52
a ala c b b ,378.4,22.69,5.53
a ala c b c ,369.9,22.65,5.28
a ala c d a ,326.9,23.34,4.51
a ala c d b ,306.1,22.96,4.52
a ala c d c ,297.6,22.92,4.27
a ala c g a ,426.7,23.13,5.97
a ala c g b ,405.9,22.75,5.98
a ala c g c ,397.4,22.71,5.72
a ala c h a ,370.7,23.17,5.48
a ala c h b ,349.9,22.79,5.49
a ala c h c ,341.4,22.75,5.23
a ala d b a ,417.9,23.03,5.48
a ala d b b ,397.1,22.65,5.48
a ala d b c ,388.7,22.61,5.23
a ala d d a ,345.7,23.3,4.46
a ala d d b ,324.9,22.91,4.47
a ala d d c ,316.4,22.88,4.22
a ala d g a ,445.5,23.09,5.92
a ala d g b ,424.7,22.71,5.93
a ala d g c ,416.2,22.67,5.67
a ala d h a ,389.4,23.13,5.43
a ala d h b ,368.6,22.74,5.44
a ala d h c ,360.2,22.7,5.19
a ala e b a ,370.4,22.23,5.24
a ala e b b ,349.6,21.85,5.25
a ala e b c ,341.2,21.81,5
a ala e d a ,298.2,22.5,4.23
a ala e d b ,277.4,22.11,4.24
a ala e d c ,268.9,22.08,3.99
a ala e g a ,398,22.29,5.69
a ala e g b ,377.2,21.91,5.69
a ala e g c ,368.7,21.87,5.44
a ala e h a ,341.9,22.33,5.2
a ala e h b ,321.1,21.94,5.2
a ala e h c ,312.7,21.91,4.95
a ald b b a ,529.9,23.19,6.58
a ald b b b ,509,22.81,6.59
a ald b b c ,500.6,22.77,6.33
a ald b d a ,457.6,23.46,5.57
a ald b d b ,436.8,23.07,5.57
a ald b d c ,428.3,23.03,5.32
a ald b g a ,557.4,23.25,7.02
a ald b g b ,536.6,22.87,7.03
a ald b g c ,528.1,22.83,6.78
a ald b h a ,501.3,23.29,6.53
a ald b h b ,480.5,22.9,6.54
a ald b h c ,472.1,22.86,6.29
a ald c b a ,508.2,22.66,6.51
a ald c b b ,487.4,22.27,6.51
a ald c b c ,478.9,22.23,6.26
a ald c d a ,435.9,22.92,5.5
a ald c d b ,415.1,22.54,5.5
a ald c d c ,406.6,22.5,5.25
a ald c g a ,535.7,22.71,6.95
a ald c g b ,514.9,22.33,6.96
a ald c g c ,506.4,22.29,6.7
a ald c h a ,479.6,22.75,6.46
a ald c h b ,458.8,22.37,6.47
a ald c h c ,450.4,22.33,6.22
a ald d b a ,526.9,22.61,6.46
a ald d b b ,506.1,22.23,6.47
a ald d b c ,497.7,22.19,6.21
a ald d d a ,454.6,22.88,5.45
a ald d d b ,433.8,22.5,5.45
a ald d d c ,425.4,22.46,5.2
a ald d g a ,554.4,22.67,6.9
a ald d g b ,533.6,22.29,6.91
a ald d g c ,525.2,22.25,6.66
a ald d h a ,498.4,22.71,6.41
a ald d h b ,477.6,22.32,6.42
a ald d h c ,469.1,22.29,6.17
a ald e b a ,479.4,21.81,6.22
a ald e b b ,458.6,21.43,6.23
a ald e b c ,450.2,21.39,5.98
a ald e d a ,407.1,22.08,5.21
a ald e d b ,386.3,21.7,5.22
a ald e d c ,377.9,21.66,4.97
a ald e g a ,506.9,21.87,6.67
a ald e g b ,486.1,21.49,6.68
a ald e g c ,477.7,21.45,6.42
a ald e h a ,450.9,21.91,6.18
a ald e h b ,430.1,21.53,6.19
a ald e h c ,421.6,21.49,5.93
a u a b b a ,319.6,20.8,4.25
a u a b b b ,298.8,20.42,4.25
a u a b b c ,290.3,20.38,4
a u a b d a ,247.3,21.06,3.23
a u a b d b ,226.5,20.68,3.24
a u a b d c ,218.1,20.64,2.99
a u a b g a ,347.1,20.86,4.69
a u a b g b ,326.3,20.47,4.7
a u a b g c ,317.9,20.44,4.44
a u a b h a ,291.1,20.89,4.2
a u a b h b ,270.3,20.51,4.21
a u a b h c ,261.8,20.47,3.95
a u a c b a ,297.9,20.26,4.17
a u a c b b ,277.1,19.88,4.18
a u a c b c ,268.6,19.84,3.93
a u a c d a ,225.6,20.53,3.16
a u a c d b ,204.8,20.14,3.17
a u a c d c ,196.4,20.11,2.92
a u a c g a ,325.4,20.32,4.62
a u a c g b ,304.6,19.94,4.62
a u a c g c ,296.2,19.9,4.37
a u a c h a ,269.4,20.36,4.13
a u a c h b ,248.6,19.97,4.14
a u a c h c ,240.1,19.94,3.88
a u a d b a ,316.7,20.22,4.13
a u a d b b ,295.9,19.84,4.13
a u a d b c ,287.4,19.8,3.88
a u a d d a ,244.4,20.49,3.11
a u a d d b ,223.6,20.1,3.12
a u a d d c ,215.1,20.06,2.87
a u a d g a ,344.2,20.28,4.57
a u a d g b ,323.4,19.9,4.58
a u a d g c ,314.9,19.86,4.32
a u a d h a ,288.2,20.31,4.08
a u a d h b ,267.3,19.93,4.09
a u a d h c ,258.9,19.89,3.83
a u a e b a ,269.2,19.42,3.89
a u a e b b ,248.4,19.04,3.9
a u a e b c ,239.9,19,3.65
a u a e d a ,196.9,19.69,2.88
a u a e d b ,176.1,19.3,2.89
a u a e d c ,167.6,19.27,2.63
a u a e g a ,296.7,19.48,4.34
a u a e g b ,275.9,19.1,4.34
a u a e g c ,267.4,19.06,4.09
a u a e h a ,240.7,19.52,3.85
a u a e h b ,219.9,19.13,3.85
a u a e h c ,211.4,19.09,3.6
a u d b b a ,428.6,20.38,5.23
a u d b b b ,407.8,20,5.23
a u d b b c ,399.3,19.96,4.98
a u d b d a ,356.3,20.65,4.22
a u d b d b ,335.5,20.26,4.22
a u d b d c ,327,20.22,3.97
a u d b g a ,456.1,20.44,5.67
a u d b g b ,435.3,20.06,5.68
a u d b g c ,426.8,20.02,5.43
a u d b h a ,400.1,20.47,5.18
a u d b h b ,379.3,20.09,5.19
a u d b h c ,370.8,20.05,4.94
a b d c b a ,406.9,19.84,5.16
a u d c b b ,386.1,19.46,5.16
a u d c b c ,377.6,19.42,4.91
a u d c d a ,334.6,20.11,4.14
a u d c d b ,313.8,19.73,4.15
a u d c d c ,305.3,19.69,3.9
a u d c g a ,434.4,19.9,5.6
a u d c g b ,413.6,19.52,5.61
a u d c g c ,405.1,19.48,5.35
a u d c h a ,378.4,19.94,5.11
a u d c h b ,357.6,19.56,5.12
a u d c h c ,349.1,19.52,4.86
a u d d b a ,425.6,19.8,5.11
a u d d b b ,404.8,19.42,5.11
a u d d b c ,396.4,19.38,4.86
a u d d d a ,353.4,20.07,4.1
a u d d d b ,332.6,19.68,4.1
a u d d d c ,324.1,19.65,3.85
a u d d g a ,453.2,19.86,5.55
a u d d g b ,432.4,19.48,5.56
a u d d g c ,423.9,19.44,5.3
a u d d h a ,397.1,19.9,5.06
a u d d h b ,376.3,19.51,5.07
a u d d h c ,367.9,19.48,4.82
a u d e b a ,378.2,19,4.87
a u d e b b ,357.3,18.62,4.88
a u d e b c ,348.9,18.58,4.63
a u d e d a ,305.9,19.27,3.86
a u d e d b ,285.1,18.89,3.87
a u d e d c ,276.6,18.85,3.62
a u d e g a ,405.7,19.06,5.32
a u d e g b ,384.9,18.68,5.32
a u d e g c ,376.4,18.64,5.07
a u d e h a ,349.6,19.1,4.83
a u d e h b ,328.8,18.71,4.84
a u d e h c ,320.4,18.68,4.58
a c a b b a ,288.5,20.78,4.12
a c a b b b ,267.7,20.4,4.13
a c a b b c ,259.3,20.36,3.88
a c a b d a ,216.3,21.05,3.11
a c a b d b ,195.5,20.66,3.12
a c a b d c ,187,20.63,2.86
a c a b g a ,316.1,20.84,4.57
a c a b g b ,295.3,20.46,4.57
a c a b g c ,286.8,20.42,4.32
a c a b h a ,260,20.88,4.08
a c a b h b ,239.2,20.49,4.08
a c a b h c ,230.8,20.46,3.83
a c a c b a ,266.8,20.25,4.05
a c a c b b ,246,19.86,4.06
a c a c b c ,237.6,19.83,3.8
a c a c d a ,194.6,20.51,3.04
a c a c d b ,173.8,20.13,3.05
a c a c d c ,165.3,20.09,2.79
a c a c g a ,294.4,20.3,4.49
a c a c g b ,273.6,19.92,4.5
a c a c g c ,265.1,19.88,4.25
a c a c h a ,238.3,20.34,4
a c a c h b ,217.5,19.96,4.01
a c a c h c ,209.1,19.92,3.76
a c a d b a ,285.6,20.2,4
a c a d b b ,264.8,19.82,4.01
a c a d b c ,256.4,19.78,3.76
a c a d d a ,213.3,20.47,2.99
a c a d d b ,192.5,20.09,3
a c a d d c ,184.1,20.05,2.74
a c a d g a ,313.1,20.26,4.45
a c a d g b ,292.3,19.88,4.45
a c a d g c ,283.9,19.84,4.2
a c a d h a ,257.1,20.3,3.96
a c a d h b ,236.3,19.92,3.96
a c a d h c ,227.8,19.88,3.71
a c a e b a ,238.1,19.41,3.77
a c a e b b ,217.3,19.02,3.78
a c a e b c ,208.9,18.98,3.52
a c a e d a ,165.8,19.67,2.76
a c a e d b ,145,19.29,2.76
a c a e d c ,136.6,19.25,2.51
a c a e g a ,265.6,19.46,4.21
a c a e g b ,244.8,19.08,4.22
a c a e g c ,236.4,19.04,3.97
a c a e h a ,209.6,19.5,3.72
a c a e h b ,188.8,19.12,3.73
a c a e h c ,180.3,19.08,3.48
a c d b b a ,397.5,20.36,5.1
a c d b b b ,376.7,19.98,5.11
a c d b b c ,368.3,19.94,4.86
a c d b d a ,325.2,20.63,4.09
a c d b d b ,304.4,20.25,4.1
a c d b d c ,296,20.21,3.85
a c d b g a ,425,20.42,5.55
a c d b g b ,404.2,20.04,5.55
a c d b g c ,395.8,20,5.3
a c d b h a ,369,20.46,5.06
a c d b h b ,348.2,20.08,5.07
a c d b h c ,339.7,20.04,4.81
a c d c b a ,375.8,19.83,5.03
a c d c b b ,355,19.45,5.04
a c d c b c ,346.6,19.41,4.79
a c d c d a ,303.5,20.09,4.02
a c d c d b ,282.7,19.71,4.03
a c d c d c ,274.3,19.67,3.77
a c d c g a ,403.3,19.89,5.48
a c d c g b ,382.5,19.5,5.48
a c d c g c ,374.1,19.47,5.23
a c d c h a ,347.3,19.92,4.99
a c d c h b ,326.5,19.54,4.99
a c d c h c ,318.1,19.5,4.74
a c d d b a ,394.6,19.79,4.98
a c d d b b ,373.8,19.4,4.99
a c d d b c ,365.3,19.36,4.74
a c d d d a ,322.3,20.05,3.97
a c d d d b ,301.5,19.67,3.98
a c d d d c ,293.1,19.63,3.73
a c d d g a ,422.1,19.84,5.43
a c d d g b ,401.3,19.46,5.43
a c d d g c ,392.9,19.42,5.18
a c d d h a ,366.1,19.88,4.94
a c d d h b ,345.3,19.5,4.95
a c d d h c ,336.8,19.46,4.69
a c d e b a ,347.1,18.99,4.75
a c d e b b ,326.3,18.6,4.76
a c d e b c ,317.8,18.57,4.5
a c d e d a ,274.8,19.25,3.74
a c d e d b ,254,18.87,3.75
a c d e d c ,245.6,18.83,3.49
a c d e g a ,374.6,19.05,5.19
a c d e g b ,353.8,18.66,5.2
a c d e g c ,345.4,18.62,4.95
a c d e h a ,318.6,19.08,4.71
a c d e h b ,297.8,18.7,4.71
a c d e h c ,289.3,18.66,4.46
a e a b b a ,260.6,21.38,3.4
a e a b b b ,239.8,21,3.41
a e a b b c ,231.4,20.96,3.16
a e a b d a ,188.3,21.64,2.39
a e a b d b ,167.5,21.26,2.4
a e a b d c ,159.1,21.22,2.15
a e a b g a ,288.1,21.44,3.85
a e a b g b ,267.3,21.06,3.85
a e a b g c ,258.9,21.02,3.6
a e a b h a ,232.1,21.47,3.36
a e a b h b ,211.3,21.09,3.37
a e a b h c ,202.8,21.05,3.11
a e a c b a ,238.9,20.84,3.33
a e a c b b ,218.1,20.46,3.34
a e a c b c ,209.7,20.42,3.09
a e a c d a ,166.6,21.11,2.32
a e a c d b ,145.8,20.73,2.33
a e a c d c ,137.4,20.69,2.07
a e a c g a ,266.4,20.9,3.78
a e a c g b ,245.6,20.52,3.78
a e a c g c ,237.2,20.48,3.53
a e a c h a ,210.4,20.94,3.29
a e a c h b ,189.6,20.56,3.29
a e a c h c ,181.1,20.52,3.04
a e a d b a ,257.7,20.8,3.28
a e a d b b ,236.9,20.42,3.29
a e a d b c ,228.4,20.38,3.04
a e a d d a ,185.4,21.07,2.27
a e a d d b ,164.6,20.68,2.28
a e a d d c ,156.1,20.65,2.03
a e a d g a ,285.2,20.86,3.73
a e a d g b ,264.4,20.48,3.73
a e a d g c ,255.9,20.44,3.48
a e a d h a ,229.2,20.9,3.24
a e a d h b ,208.4,20.51,3.25
a e a d h c ,199.9,20.48,2.99
a e a e b a ,210.2,20,3.05
a e a e b b ,189.4,19.62,3.06
a e a e b c ,180.9,19.58,2.8
a e a e d a ,137.9,20.27,2.04
a e a e d b ,117.1,19.89,2.05
a e a e d c ,108.7,19.85,1.79
a e a e g a ,237.7,20.06,3.49
a e a e g b ,216.9,19.68,3.5
a e a e g c ,208.5,19.64,3.25
a e a e h a ,181.7,20.1,3.01
a e a e h b ,160.9,19.71,3.01
a e a e h c ,152.4,19.68,2.76
a e d b b a ,369.6,20.96,4.39
a e d b b b ,348.8,20.58,4.39
a e d b b c ,340.3,20.54,4.14
a e d b d a ,297.3,21.23,3.37
a e d b d b ,276.5,20.84,3.38
a e d b d c ,268.1,20.81,3.13
a e d b g a ,397.1,21.02,4.83
a e d b g b ,376.3,20.64,4.84
a e d b g c ,367.9,20.6,4.58
a e d b h a ,341.1,21.06,4.34
a e d b h b ,320.3,20.67,4.35
a e d b h c ,311.8,20.63,4.09
a e d c b a ,347.9,20.43,4.31
a e d c b b ,327.1,20.04,4.32
a e d c b c ,318.6,20,4.07
a e d c d a ,275.6,20.69,3.3
a e d c d b ,254.8,20.31,3.31
a e d c d c ,246.4,20.27,3.06
a e d c g a ,375.4,20.48,4.76
a e d c g b ,354.6,20.1,4.76
a e d c g c ,346.2,20.06,4.51
a e d c h a ,319.4,20.52,4.27
a e d c h b ,298.6,20.14,4.28
a e d c h c ,290.1,20.1,4.02
a e d d b a ,366.7,20.38,4.27
a e d d b b ,345.9,20,4.27
a e d d b c ,337.4,19.96,4.02
a e d d d a ,294.4,20.65,3.25
a e d d d b ,273.6,20.27,3.26
a e d d d c ,265.1,20.23,3.01
a e d d g a ,394.2,20.44,4.71
a e d d g b ,373.4,20.06,4.72
a e d d g c ,364.9,20.02,4.46
a e d d h a ,338.2,20.48,4.22
a e d d h b ,317.3,20.1,4.23
a e d d h c ,308.9,20.06,3.97
a e d e b a ,319.2,19.58,4.03
a e d e b b ,298.4,19.2,4.04
a e d e b c ,289.9,19.16,3.79
a e d e d a ,246.9,19.85,3.02
a e d e d b ,226.1,19.47,3.03
a e d e d c ,217.6,19.43,2.77
a e d e g a ,346.7,19.64,4.48
a e d e g b ,325.9,19.26,4.48
a e d e g c ,317.4,19.22,4.23
a e d e h a ,290.7,19.68,3.99
a e d e h b ,269.9,19.3,3.99
a e d e h c ,261.4,19.26,3.74
a f a b b a ,355,20.32,4.04
a f a b b b ,334.2,19.93,4.04
a f a b b c ,325.8,19.89,3.79
a f a b d a ,282.7,20.58,3.03
a f a b d b ,261.9,20.2,3.03
a f a b d c ,253.5,20.16,2.78
a f a b g a ,382.5,20.37,4.48
a f a b g b ,361.7,19.99,4.49
a f a b g c ,353.3,19.95,4.23
a f a b h a ,326.5,20.41,3.99
a f a b h b ,305.7,20.03,4
a f a b h c ,297.2,19.99,3.75
a f a c b a ,333.3,19.78,3.97
a f a c b b ,312.5,19.4,3.97
a f a c b c ,304.1,19.36,3.72
a f a c d a ,261,20.04,2.95
a f a c d b ,240.2,19.66,2.96
a f a c d c ,231.8,19.62,2.71
a f a c g a ,360.8,19.84,4.41
a f a c g b ,340,19.46,4.42
a f a c g c ,331.6,19.42,4.16
a f a c h a ,304.8,19.87,3.92
a f a c h b ,284,19.49,3.93
a f a c h c ,275.5,19.45,3.67
a f a d b a ,352.1,19.74,3.92
a f a d b b ,331.3,19.35,3.92
a f a d b c ,322.8,19.32,3.67
a f a d d a ,279.8,20,2.91
a f a d d b ,259,19.62,2.91
a f a d d c ,250.5,19.58,2.66
a f a d g a ,379.6,19.8,4.36
a f a d g b ,358.8,19.41,4.37
a f a d g c ,350.3,19.37,4.11
a f a d h a ,323.6,19.83,3.87
a f a d h b ,302.8,19.45,3.88
a f a d h c ,294.3,19.41,3.63
a f a e b a ,304.6,18.94,3.68
a f a e b b ,283.8,18.56,3.69
a f a e b c ,275.3,18.52,3.44
a f a e d a ,232.3,19.2,2.67
a f a e d b ,211.5,18.82,2.68
a f a e d c ,203,18.78,2.43
a f a e g a ,332.1,19,4.13
a f a e g b ,311.3,18.61,4.13
a f a e g c ,302.8,18.58,3.88
a f a e h a ,276.1,19.03,3.64
a f a e h b ,255.3,18.65,3.65
a f a e h c ,246.8,18.61,3.39
a f d b b a ,464,19.9,5.02
a f d b b b ,443.2,19.51,5.03
a f d b b c ,434.7,19.48,4.77
a f d b d a ,391.7,20.16,4.01
a f d b d b ,370.9,19.78,4.01
a f d b d c ,362.5,19.74,3.76
a f d b g a ,491.5,19.96,5.46
a f d b g b ,470.7,19.57,5.47
a f d b g c ,462.3,19.53,5.22
a f d b h a ,435.5,19.99,4.97
a f d b h b ,414.7,19.61,4.98
a f d b h c ,406.2,19.57,4.73
a f d c b a ,442.3,19.36,4.95
a f d c b b ,421.5,18.98,4.95
a f d c b c ,413,18.94,4.7
a f d c d a ,370,19.63,3.94
a f d c d b ,349.2,19.24,3.94
a f d c d c ,340.8,19.2,3.69
a f d c g a ,469.8,19.42,5.39
a f d c g b ,449,19.04,5.4
a f d c g c ,440.6,19,5.14
a f d c h a ,413.8,19.45,4.9
a f d c h b ,393,19.07,4.91
a f d c h c ,384.5,19.03,4.66
a f d d b a ,461.1,19.32,4.9
a f d d b b ,440.3,18.94,4.91
a f d d b c ,431.8,18.9,4.65
a f d d d a ,388.8,19.58,3.89
a f d d d b ,368,19.2,3.89
a f d d d c ,359.5,19.16,3.64
a f d d g a ,488.6,19.38,5.34
a f d d g b ,467.8,18.99,5.35
a f d d g c ,459.3,18.96,5.1
a f d d h a ,432.5,19.41,4.85
a f d d h b ,411.7,19.03,4.86
a f d d h c ,403.3,18.99,4.61
a f d e b a ,413.6,18.52,4.67
a f d e b b ,392.8,18.14,4.67
a f d e b c ,384.3,18.1,4.42
a f d e d a ,341.3,18.78,3.65
a f d e d b ,320.5,18.4,3.66
a f d e d c ,312,18.36,3.41
a f d e g a ,441.1,18.58,5.11
a f d e g b ,420.3,18.2,5.12
a f d e g c ,411.8,18.16,4.86
a f d e h a ,385.1,18.61,4.62
a f d e h b ,364.2,18.23,4.63
a f d e h c ,355.8,18.19,4.37
a i a b b a ,322,20.88,4.07
a i a b b b ,301.2,20.5,4.08
a i a b b c ,292.8,20.46,3.83
a i a b d a ,249.8,21.15,3.06
a i a b d b ,228.9,20.77,3.07
a i a b d c ,220.5,20.73,2.82
a i a b g a ,349.6,20.94,4.52
a i a b g b ,328.7,20.56,4.52
a i a b g c ,320.3,20.52,4.27
a i a b h a ,293.5,20.98,4.03
a i a b h b ,272.7,20.6,4.03
a i a b h c ,264.3,20.56,3.78
a i a c b a ,300.3,20.35,4
a i a c b b ,279.5,19.97,4.01
a i a c b c ,271.1,19.93,3.75
a i a c d a ,228.1,20.61,2.99
a i a c d b ,207.3,20.23,3
a i a c d c ,198.8,20.19,2.74
a i a c g a ,327.9,20.41,4.44
a i a c g b ,307.1,20.02,4.45
a i a c g c ,298.6,19.98,4.2
a i a c h a ,271.8,20.44,3.96
a i a c h b ,251,20.06,3.96
a i a c h c ,242.6,20.02,3.71
a i a d b a ,319.1,20.31,3.95
a i a d b b ,298.3,19.92,3.96
a i a d b c ,289.8,19.88,3.71
a i a d d a ,246.8,20.57,2.94
a i a d d b ,226,20.19,2.95
a i a d d c ,217.6,20.15,2.69
a i a d g a ,346.6,20.36,4.4
a i a d g b ,325.8,19.98,4.4
a i a d g c ,317.4,19.94,4.15
a i a d h a ,290.6,20.4,3.91
a i a d h b ,269.8,20.02,3.91
a i a d h c ,261.3,19.98,3.66
a i a e b a ,271.6,19.51,3.72
a i a e b b ,250.8,19.12,3.73
a i a e b c ,242.3,19.09,3.47
a i a e d a ,199.3,19.77,2.71
a i a e d b ,178.5,19.39,2.71
a i a e d c ,170.1,19.35,2.46
a i a e g a ,299.1,19.56,4.16
a i a e g b ,278.3,19.18,4.17
a i a e g c ,269.9,19.14,3.92
a i a e h a ,243.1,19.6,3.67
a i a e h b ,222.3,19.22,3.68
a i a e h c ,213.8,19.18,3.43
a i d b b a ,431,20.47,5.05
a i d b b b ,410.2,20.08,5.06
a i d b b c ,401.8,20.04,4.81
a i d b d a ,358.7,20.73,4.04
a i d b d b ,337.9,20.35,4.05
a i d b d c ,329.5,20.31,3.8
a i d b g a ,458.5,20.52,5.5
a i d b g b ,437.7,20.14,5.51
a i d b g c ,429.3,20.1,5.25
a i d b h a ,402.5,20.56,5.01
a i d b h b ,381.7,20.18,5.02
a i d b h c ,373.2,20.14,4.76
a i d c b a ,409.3,19.93,4.98
a i d c b b ,388.5,19.55,4.99
a i d c b c ,380.1,19.51,4.74
a i d c d a ,337,20.19,3.97
a i d c d b ,316.2,19.81,3.98
a i d c d c ,307.8,19.77,3.73
a i d c g a ,436.8,19.99,5.43
a i d c g b ,416,19.6,5.43
a i d c g c ,407.6,19.57,5.18
a i d c h a ,380.8,20.02,4.94
a i d c h b ,360,19.64,4.94
a i d c h c ,351.5,19.6,4.69
a i d d b a ,428.1,19.89,4.93
a i d d b b ,407.3,19.5,4.94
a i d d b c ,398.8,19.47,4.69
a i d d d a ,355.8,20.15,3.92
a i d d d b ,335,19.77,3.93
a i d d d c ,326.5,19.73,3.68
a i d d g a ,455.6,19.95,5.38
a i d d g b ,434.8,19.56,5.39
a i d d g c ,426.3,19.52,5.13
a i d d h a ,399.6,19.98,4.89
a i d d h b ,378.8,19.6,4.9
a i d d h c ,370.3,19.56,4.64
a i d e b a ,380.6,19.09,4.7
a i d e b b ,359.8,18.71,4.71
a i d e b c ,351.3,18.67,4.45
a i d e d a ,308.3,19.35,3.69
a i d e d b ,287.5,18.97,3.7
a i d e d c ,279,18.93,3.44
a i d e g a ,408.1,19.15,5.14
a i d e g b ,387.3,18.76,5.15
a i d e g c ,378.8,18.73,4.9
a i d e h a ,352.1,19.18,4.66
a i d e h b ,331.3,18.8,4.66
a i d e h c ,322.8,18.76,4.41
b ala b b a ,429.6,23.6,5.65
b ala b b b ,408.8,23.22,5.66
b ala b b c ,400.4,23.18,5.41
b ala b d a ,357.4,23.87,4.64
b ala b d b ,336.6,23.48,4.65
b ala b d c ,328.1,23.45,4.4
b ala b g a ,457.2,23.66,6.1
b ala b g b ,436.4,23.28,6.11
b ala b g c ,427.9,23.24,5.85
b ala b h a ,401.1,23.7,5.61
b ala b h b ,380.3,23.31,5.62
b ala b h c ,371.9,23.27,5.36
b ala c b a ,407.9,23.07,5.58
b ala c b b ,387.1,22.68,5.59
b ala c b c ,378.7,22.64,5.34
b ala c d a ,335.7,23.33,4.57
b ala c d b ,314.9,22.95,4.58
b ala c d c ,306.4,22.91,4.32
b ala c g a ,435.5,23.12,6.03
b ala c g b ,414.7,22.74,6.03
b ala c g c ,406.2,22.7,5.78
b ala c h a ,379.4,23.16,5.54
b ala c h b ,358.6,22.78,5.54
b ala c h c ,350.2,22.74,5.29
b ala d b a ,426.7,23.02,5.53
b ala d b b ,405.9,22.64,5.54
b ala d b c ,397.5,22.6,5.29
b ala d d a ,354.4,23.29,4.52
b ala d d b ,333.6,22.91,4.53
b ala d d c ,325.2,22.87,4.28
b ala d g a ,454.2,23.08,5.98
b ala d g b ,433.4,22.7,5.98
b ala d g c ,425,22.66,5.73
b ala d h a ,398.2,23.12,5.49
b ala d h b ,377.4,22.74,5.5
b ala d h c ,368.9,22.7,5.24
b ala e b a ,379.2,22.22,5.3
b ala e b b ,358.4,21.84,5.31
b ala e b c ,350,21.8,5.05
b ala e d a ,306.9,22.49,4.29
b ala e d b ,286.1,22.11,4.3
b ala e d c ,277.7,22.07,4.04
b ala e g a ,406.7,22.28,5.74
b ala e g b ,385.9,21.9,5.75
b ala e g c ,377.5,21.86,5.5
b ala e h a ,350.7,22.32,5.26
b ala e h b ,329.9,21.94,5.26
b ala e h c ,321.4,21.9,5.01
b ald b b a ,538.6,23.18,6.64
b ald b b b ,517.8,22.8,6.64
b ald b b c ,509.4,22.76,6.39
b ald b d a ,466.3,23.45,5.63
b ald b d b ,445.5,23.07,5.63
b ald b d c ,437.1,23.03,5.38
b ald b g a ,566.1,23.24,7.08
b ald b g b ,545.3,22.86,7.09
b ald b g c ,536.9,22.82,6.83
b ald b h a ,510.1,23.28,6.59
b ald b h b ,489.3,22.89,6.6
b ald b h c ,480.9,22.86,6.35
b ald c b a ,516.9,22.65,6.56
b ald c b b ,496.1,22.26,6.57
b ald c b c ,487.7,22.23,6.32
b ald c d a ,444.7,22.91,5.55
b ald c d b ,423.8,22.53,5.56
b ald c d c ,415.4,22.49,5.31
b ald c g a ,544.4,22.71,7.01
b ald c g b ,523.6,22.32,7.02
b ald c g c ,515.2,22.28,6.76
b ald c h a ,488.4,22.74,6.52
b ald c h b ,467.6,22.36,6.53
b ald c h c ,459.2,22.32,6.27
b ald d b a ,535.7,22.61,6.52
b ald d b b ,514.9,22.22,6.52
b ald d b c ,506.4,22.18,6.27
b ald d d a ,463.4,22.87,5.5
b ald d d b ,442.6,22.49,5.51
b ald d d c ,434.2,22.45,5.26
b ald d g a ,563.2,22.66,6.96
b ald d g b ,542.4,22.28,6.97
b ald d g c ,534,22.24,6.71
b ald d h a ,507.2,22.7,6.47
b ald d h b ,486.4,22.32,6.48
b ald d h c ,477.9,22.28,6.23
b ald e b a ,488.2,21.81,6.28
b ald e b b ,467.4,21.42,6.29
b ald e b c ,458.9,21.39,6.04
b ald e d a ,415.9,22.07,5.27
b ald e d b ,395.1,21.69,5.28
b ald e d c ,386.7,21.65,5.03
b ald e g a ,515.7,21.86,6.73
b ald e g b ,494.9,21.48,6.73
b ald e g c ,486.5,21.44,6.48
b ald e h a ,459.7,21.9,6.24
b ald e h b ,438.9,21.52,6.24
b ald e h c ,430.4,21.48,5.99
b u a b b a ,328.4,20.79,4.3
b u a b b b ,307.6,20.41,4.31
b u a b b c ,299.1,20.37,4.06
b u a b d a ,256.1,21.06,3.29
b u a b d b ,235.3,20.67,3.3
b u a b d c ,226.8,20.63,3.05
b u a b g a ,355.9,20.85,4.75
b u a b g b ,335.1,20.47,4.75
b u a b g c ,326.6,20.43,4.5
b u a b h a ,299.9,20.89,4.26
b u a b h b ,279.1,20.5,4.27
b u a b h c ,270.6,20.46,4.01
b u a c b a ,306.7,20.26,4.23
b u a c b b ,285.9,19.87,4.24
b u a c b c ,277.4,19.83,3.99
b u a c d a ,234.4,20.52,3.22
b u a c d b ,213.6,20.14,3.23
b u a c d c ,205.1,20.1,2.97
b u a c g a ,334.2,20.31,4.68
b u a c g b ,313.4,19.93,4.68
b u a c g c ,304.9,19.89,4.43
b u a c h a ,278.2,20.35,4.19
b u a c h b ,257.4,19.97,4.19
b u a c h c ,248.9,19.93,3.94
b u a d b a ,325.4,20.21,4.18
b u a d b b ,304.6,19.83,4.19
b u a d b c ,296.2,19.79,3.94
b u a d d a ,253.2,20.48,3.17
b u a d d b ,232.4,20.1,3.18
b u a d d c ,223.9,20.06,2.93
b u a d g a ,353,20.27,4.63
b u a d g b ,332.2,19.89,4.63
b u a d g c ,323.7,19.85,4.38
b u a d h a ,296.9,20.31,4.14
b u a d h b ,276.1,19.92,4.15
b u a d h c ,267.7,19.89,3.89
b u a e b a ,277.9,19.41,3.95
b u a e b b ,257.1,19.03,3.96
b u a e b c ,248.7,18.99,3.7
b u a e d a ,205.7,19.68,2.94
b u a e d b ,184.9,19.3,2.95
b u a e d c ,176.4,19.26,2.69
b u a e g a ,305.5,19.47,4.39
b u a e g b ,284.7,19.09,4.4
b u a e g c ,276.2,19.05,4.15
b u a e h a ,249.4,19.51,3.9
b u a e h b ,228.6,19.13,3.91
b u a e h c ,220.2,19.09,3.66
b u d b b a ,437.4,20.37,5.29
b u d b b b ,416.5,19.99,5.29
b u d b b c ,408.1,19.95,5.04
b u d b d a ,365.1,20.64,4.27
b u d b d b ,344.3,20.25,4.28
b u d b d c ,335.8,20.22,4.03
b u d b g a ,464.9,20.43,5.73
b u d b g b ,444.1,20.05,5.74
b u d b g c ,435.6,20.01,5.48
b u d b h a ,408.8,20.47,5.24
b u d b h b ,388,20.08,5.25
b u d b h c ,379.6,20.05,4.99
b u d c b a ,415.7,19.84,5.21
b u d c b b ,394.9,19.45,5.22
b u d c b c ,386.4,19.42,4.97
b u d c d a ,343.4,20.1,4.2
b u d c d b ,322.6,19.72,4.21
b u d c d c ,314.1,19.68,3.96
b u d c g a ,443.2,19.89,5.66
b u d c g b ,422.4,19.51,5.66
b u d c g c ,413.9,19.47,5.41
b u d c h a ,387.1,19.93,5.17
b u d c h b ,366.3,19.55,5.18
b u d c h c ,357.9,19.51,4.92
b u d d b a ,434.4,19.79,5.17
b u d d b b ,413.6,19.41,5.17
b u d d b c ,405.2,19.37,4.92
b u d d d a ,362.1,20.06,4.15
b u d d d b ,341.3,19.68,4.16
b u d d d c ,332.9,19.64,3.91
b u d d g a ,461.9,19.85,5.61
b u d d g b ,441.1,19.47,5.62
b u d d g c ,432.7,19.43,5.36
b u d d h a ,405.9,19.89,5.12
b u d d h b ,385.1,19.51,5.13
b u d d h c ,376.6,19.47,4.87
b u d e b a ,386.9,19,4.93
b u d e b b ,366.1,18.61,4.94
b u d e b c ,357.7,18.57,4.69
b u d e d a ,314.6,19.26,3.92
b u d e d b ,293.8,18.88,3.93
b u d e d c ,285.4,18.84,3.67
b u d e g a ,414.4,19.05,5.38
b u d e g b ,393.6,18.67,5.38
b u d e g c ,385.2,18.63,5.13
b u d e h a ,358.4,19.09,4.89
b u d e h b ,337.6,18.71,4.89
b u d e h c ,329.1,18.67,4.64
b c a b b a ,297.3,20.77,4.18
b c a b b b ,276.5,20.39,4.19
b c a b b c ,268.1,20.35,3.93
b c a b d a ,225,21.04,3.17
b c a b d b ,204.2,20.66,3.18
b c a b d c ,195.8,20.62,2.92
b c a b g a ,324.8,20.83,4.62
b c a b g b ,304,20.45,4.63
b c a b g c ,295.6,20.41,4.38
b c a b h a ,268.8,20.87,4.13
b c a b h b ,248,20.49,4.14
b c a b h c ,239.5,20.45,3.89
b c a c b a ,275.6,20.24,4.11
b c a c b b ,254.8,19.86,4.11
b c a c b c ,246.4,19.82,3.86
b c a c d a ,203.3,20.5,3.1
b c a c d b ,182.5,20.12,3.1
b c a c d c ,174.1,20.08,2.85
b c a c g a ,303.1,20.3,4.55
b c a c g b ,282.3,19.91,4.56
b c a c g c ,273.9,19.88,4.31
b c a c h a ,247.1,20.33,4.06
b c a c h b ,226.3,19.95,4.07
b c a c h c ,217.8,19.91,3.82
b c a d b a ,294.4,20.2,4.06
b c a d b b ,273.6,19.81,4.07
b c a d b c ,265.1,19.78,3.81
b c a d d a ,222.1,20.46,3.05
b c a d d b ,201.3,20.08,3.06
b c a d d c ,192.8,20.04,2.8
b c a d g a ,321.9,20.25,4.5
b c a d g b ,301.1,19.87,4.51
b c a d g c ,292.6,19.83,4.26
b c a d h a ,265.9,20.29,4.01
b c a d h b ,245.1,19.91,4.02
b c a d h c ,236.6,19.87,3.77
b c a e b a ,246.9,19.4,3.83
b c a e b b ,226.1,19.02,3.83
b c a e b c ,217.6,18.98,3.58
b c a e d a ,174.6,19.66,2.81
b c a e d b ,153.8,19.28,2.82
b c a e d c ,145.4,19.24,2.57
b c a e g a ,274.4,19.46,4.27
b c a e g b ,253.6,19.07,4.28
b c a e g c ,245.1,19.03,4.02
b c a e h a ,218.4,19.49,3.78
b c a e h b ,197.6,19.11,3.79
b c a e h c ,189.1,19.07,3.53
b c d b b a ,406.3,20.36,5.16
b c d b b b ,385.5,19.97,5.17
b c d b b c ,377,19.94,4.92
b c d b d a ,334,20.62,4.15
b c d b d b ,313.2,20.24,4.16
b c d b d c ,304.8,20.2,3.9
b c d b g a ,433.8,20.41,5.61
b c d b g b ,413,20.03,5.61
b c d b g c ,404.6,19.99,5.36
b c d b h a ,377.8,20.45,5.12
b c d b h b ,357,20.07,5.12
b c d b h c ,348.5,20.03,4.87
b c d c b a ,384.6,19.82,5.09
b c d c b b ,363.8,19.44,5.1
b c d c b c ,355.3,19.4,4.84
b c d c d a ,312.3,20.08,4.08
b c d c d b ,291.5,19.7,4.09
b c d c d c ,283.1,19.66,3.83
b c d c g a ,412.1,19.88,5.53
b c d c g b ,391.3,19.5,5.54
b c d c g c ,382.9,19.46,5.29
b c d c h a ,356.1,19.91,5.04
b c d c h b ,335.3,19.53,5.05
b c d c h c ,326.8,19.49,4.8
b c d d b a ,403.4,19.78,5.04
b c d d b b ,382.6,19.4,5.05
b c d d b c ,374.1,19.36,4.8
b c d d d a ,331.1,20.04,4.03
b c d d d b ,310.3,19.66,4.04
b c d d d c ,301.8,19.62,3.78
b c d d g a ,430.9,19.84,5.49
b c d d g b ,410.1,19.45,5.49
b c d d g c ,401.6,19.42,5.24
b c d d h a ,374.9,19.87,5
b c d d h b ,354,19.49,5
b c d d h c ,345.6,19.45,4.75
b c d e b a ,355.9,18.98,4.81
b c d e b b ,335.1,18.6,4.82
b c d e b c ,326.6,18.56,4.56
b c d e d a ,283.6,19.24,3.8
b c d e d b ,262.8,18.86,3.8
b c d e d c ,254.3,18.82,3.55
b c d e g a ,383.4,19.04,5.25
b c d e g b ,362.6,18.65,5.26
b c d e g c ,354.1,18.62,5.01
b c d e h a ,327.4,19.07,4.76
b c d e h b ,306.6,18.69,4.77
b c d e h c ,298.1,18.65,4.52
b e a b b a ,269.4,21.37,3.46
b e a b b b ,248.6,20.99,3.47
b e a b b c ,240.1,20.95,3.22
b e a b d a ,197.1,21.64,2.45
b e a b d b ,176.3,21.25,2.46
b e a b d c ,167.9,21.22,2.2
b e a b g a ,296.9,21.43,3.91
b e a b g b ,276.1,21.05,3.91
b e a b g c ,267.7,21.01,3.66
b e a b h a ,240.9,21.47,3.42
b e a b h b ,220.1,21.08,3.42
b e a b h c ,211.6,21.05,3.17
b e a c b a ,247.7,20.84,3.39
b e a c b b ,226.9,20.45,3.4
b e a c b c ,218.4,20.42,3.14
b e a c d a ,175.4,21.1,2.38
b e a c d b ,154.6,20.72,2.39
b e a c d c ,146.2,20.68,2.13
b e a c g a ,275.2,20.89,3.83
b e a c g b ,254.4,20.51,3.84
b e a c g c ,246,20.47,3.59
b e a c h a ,219.2,20.93,3.34
b e a c h b ,198.4,20.55,3.35
b e a c h c ,189.9,20.51,3.1
b e a d b a ,266.5,20.79,3.34
b e a d b b ,245.7,20.41,3.35
b e a d b c ,237.2,20.37,3.1
b e a d d a ,194.2,21.06,2.33
b e a d d b ,173.4,20.68,2.34
b e a d d c ,164.9,20.64,2.08
b e a d g a ,294,20.85,3.79
b e a d g b ,273.2,20.47,3.79
b e a d g c ,264.7,20.43,3.54
b e a d h a ,237.9,20.89,3.3
b e a d h b ,217.1,20.51,3.3
b e a d h c ,208.7,20.47,3.05
b e a e b a ,219,20,3.11
b e a e b b ,198.2,19.61,3.11
b e a e b c ,189.7,19.57,2.86
b e a e d a ,146.7,20.26,2.1
b e a e d b ,125.9,19.88,2.1
b e a e d c ,117.4,19.84,1.85
b e a e g a ,246.5,20.05,3.55
b e a e g b ,225.7,19.67,3.56
b e a e g c ,217.2,19.63,3.31
b e a e h a ,190.5,20.09,3.06
b e a e h b ,169.6,19.71,3.07
b e a e h c ,161.2,19.67,2.82
b e d b b a ,378.4,20.95,4.44
b e d b b b ,357.6,20.57,4.45
b e d b b c ,349.1,20.53,4.2
b e d b d a ,306.1,21.22,3.43
b e d b d b ,285.3,20.84,3.44
b e d b d c ,276.8,20.8,3.19
b e d b g a ,405.9,21.01,4.89
b e d b g b ,385.1,20.63,4.89
b e d b g c ,376.6,20.59,4.64
b e d b h a ,349.9,21.05,4.4
b e d b h b ,329.1,20.67,4.41
b e d b h c ,320.6,20.63,4.15
b e d c b a ,356.7,20.42,4.37
b e d c b b ,335.9,20.04,4.38
b e d c b c ,327.4,20,4.13
b e d c d a ,284.4,20.68,3.36
b e d c d b ,263.6,20.3,3.37
b e d c d c ,255.1,20.26,3.11
b e d c g a ,384.2,20.48,4.82
b e d c g b ,363.4,20.09,4.82
b e d c g c ,354.9,20.06,4.57
b e d c h a ,328.2,20.51,4.33
b e d c h b ,307.4,20.13,4.33
b e d c h c ,298.9,20.09,4.08
b e d d b a ,375.4,20.38,4.32
b e d d b b ,354.6,19.99,4.33
b e d d b c ,346.2,19.95,4.08
b e d d d a ,303.2,20.64,3.31
b e d d d b ,282.4,20.26,3.32
b e d d d c ,273.9,20.22,3.07
b e d d g a ,403,20.43,4.77
b e d d g b ,382.2,20.05,4.77
b e d d g c ,373.7,20.01,4.52
b e d d h a ,346.9,20.47,4.28
b e d d h b ,326.1,20.09,4.29
b e d d h c ,317.7,20.05,4.03
b e d e b a ,327.9,19.58,4.09
b e d e b b ,307.1,19.19,4.1
b e d e b c ,298.7,19.16,3.84
b e d e d a ,255.7,19.84,3.08
b e d e d b ,234.9,19.46,3.09
b e d e d c ,226.4,19.42,2.83
b e d e g a ,355.5,19.64,4.53
b e d e g b ,334.7,19.25,4.54
b e d e g c ,326.2,19.21,4.29
b e d e h a ,299.4,19.67,4.05
b e d e h b ,278.6,19.29,4.05
b e d e h c ,270.2,19.25,3.8
b f a b b a ,363.8,20.31,4.09
b f a b b b ,343,19.92,4.1
b f a b b c ,334.5,19.89,3.85
b f a b d a ,291.5,20.57,3.08
b f a b d b ,270.7,20.19,3.09
b f a b d c ,262.2,20.15,2.84
b f a b g a ,391.3,20.37,4.54
b f a b g b ,370.5,19.98,4.55
b f a b g c ,362,19.94,4.29
b f a b h a ,335.3,20.4,4.05
b f a b h b ,314.5,20.02,4.06
b f a b h c ,306,19.98,3.8
b f a c b a ,342.1,19.77,4.02
b f a c b b ,321.3,19.39,4.03
b f a c b c ,312.8,19.35,3.78
b f a c d a ,269.8,20.04,3.01
b f a c d b ,249,19.65,3.02
b f a c d c ,240.5,19.61,2.77
b f a c g a ,369.6,19.83,4.47
b f a c g b ,348.8,19.45,4.47
b f a c g c ,340.3,19.41,4.22
b f a c h a ,313.6,19.87,3.98
b f a c h b ,292.8,19.48,3.98
b f a c h c ,284.3,19.44,3.73
b f a d b a ,360.9,19.73,3.97
b f a d b b ,340.1,19.35,3.98
b f a d b c ,331.6,19.31,3.73
b f a d d a ,288.6,19.99,2.96
b f a d d b ,267.8,19.61,2.97
b f a d d c ,259.3,19.57,2.72
b f a d g a ,388.4,19.79,4.42
b f a d g b ,367.6,19.41,4.43
b f a d g c ,359.1,19.37,4.17
b f a d h a ,332.3,19.82,3.93
b f a d h b ,311.5,19.44,3.94
b f a d h c ,303.1,19.4,3.68
b f a e b a ,313.4,18.93,3.74
b f a e b b ,292.6,18.55,3.75
b f a e b c ,284.1,18.51,3.49
b f a e d a ,241.1,19.2,2.73
b f a e d b ,220.3,18.81,2.74
b f a e d c ,211.8,18.77,2.48
b f a e g a ,340.9,18.99,4.19
b f a e g b ,320.1,18.61,4.19
b f a e g c ,311.6,18.57,3.94
b f a e h a ,284.8,19.02,3.7
b f a e h b ,264,18.64,3.7
b f a e h c ,255.6,18.6,3.45
b f d b b a ,472.8,19.89,5.08
b f d b b b ,452,19.51,5.08
b f d b b c ,443.5,19.47,4.83
b f d b d a ,400.5,20.15,4.07
b f d b d b ,379.7,19.77,4.07
b f d b d c ,371.2,19.73,3.82
b f d b g a ,500.3,19.95,5.52
b f d b g b ,479.5,19.56,5.53
b f d b g c ,471,19.53,5.27
b f d b h a ,444.3,19.98,5.03
b f d b h b ,423.4,19.6,5.04
b f d b h c ,415,19.56,4.79
b f d c b a ,451.1,19.35,5.01
b f d c b b ,430.3,18.97,5.01
b f d c b c ,421.8,18.93,4.76
b f d c d a ,378.8,19.62,3.99
b f d c d b ,358,19.24,4
b f d c d c ,349.5,19.2,3.75
b f d c g a ,478.6,19.41,5.45
b f d c g b ,457.8,19.03,5.46
b f d c g c ,449.3,18.99,5.2
b f d c h a ,422.6,19.45,4.96
b f d c h b ,401.7,19.06,4.97
b f d c h c ,393.3,19.03,4.71
b f d d b a ,469.8,19.31,4.96
b f d d b b ,449,18.93,4.96
b f d d b c ,440.6,18.89,4.71
b f d d d a ,397.6,19.58,3.95
b f d d d b ,376.8,19.19,3.95
b f d d d c ,368.3,19.15,3.7
b f d d g a ,497.4,19.37,5.4
b f d d g b ,476.6,18.99,5.41
b f d d g c ,468.1,18.95,5.15
b f d d h a ,441.3,19.41,4.91
b f d d h b ,420.5,19.02,4.92
b f d d h c ,412.1,18.98,4.67
b f d e b a ,422.3,18.51,4.72
b f d e b b ,401.5,18.13,4.73
b f d e b c ,393.1,18.09,4.48
b f d e d a ,350.1,18.78,3.71
b f d e d b ,329.3,18.39,3.72
b f d e d c ,320.8,18.36,3.47
b f d e g a ,449.9,18.57,5.17
b f d e g b ,429.1,18.19,5.17
b f d e g c ,420.6,18.15,4.92
b f d e h a ,393.8,18.61,4.68
b f d e h b ,373,18.22,4.69
b f d e h c ,364.6,18.18,4.43
b i a b b a ,330.8,20.88,4.13
b i a b b b ,310,20.49,4.14
b i a b b c ,301.5,20.45,3.88
b i a b d a ,258.5,21.14,3.12
b i a b d b ,237.7,20.76,3.13
b i a b d c ,229.3,20.72,2.87
b i a b g a ,358.3,20.93,4.57
b i a b g b ,337.5,20.55,4.58
b i a b g c ,329.1,20.51,4.33
b i a b h a ,302.3,20.97,4.09
b i a b h b ,281.5,20.59,4.09
b i a b h c ,273,20.55,3.84
b i a c b a ,309.1,20.34,4.06
b i a c b b ,288.3,19.96,4.07
b i a c b c ,279.8,19.92,3.81
b i a c d a ,236.8,20.6,3.05
b i a c d b ,216,20.22,3.05
b i a c d c ,207.6,20.18,2.8
b i a c g a ,336.6,20.4,4.5
b i a c g b ,315.8,20.02,4.51
b i a c g c ,307.4,19.98,4.26
b i a c h a ,280.6,20.43,4.01
b i a c h b ,259.8,20.05,4.02
b i a c h c ,251.3,20.01,3.77
b i a d b a ,327.9,20.3,4.01
b i a d b b ,307.1,19.92,4.02
b i a d b c ,298.6,19.88,3.76
b i a d d a ,255.6,20.56,3
b i a d d b ,234.8,20.18,3.01
b i a d d c ,226.3,20.14,2.75
b i a d g a ,355.4,20.36,4.45
b i a d g b ,334.6,19.97,4.46
b i a d g c ,326.1,19.93,4.21
b i a d h a ,299.4,20.39,3.97
b i a d h b ,278.6,20.01,3.97
b i a d h c ,270.1,19.97,3.72
b i a e b a ,280.4,19.5,3.78
b i a e b b ,259.6,19.12,3.78
b i a e b c ,251.1,19.08,3.53
b i a e d a ,208.1,19.76,2.77
b i a e d b ,187.3,19.38,2.77
b i a e d c ,178.8,19.34,2.52
b i a e g a ,307.9,19.56,4.22
b i a e g b ,287.1,19.17,4.23
b i a e g c ,278.6,19.14,3.97
b i a e h a ,251.9,19.59,3.73
b i a e h b ,231.1,19.21,3.74
b i a e h c ,222.6,19.17,3.49
b i d b b a ,439.8,20.46,5.11
b i d b b b ,419,20.07,5.12
b i d b b c ,410.5,20.04,4.87
b i d b d a ,367.5,20.72,4.1
b i d b d b ,346.7,20.34,4.11
b i d b d c ,338.2,20.3,3.86
b i d b g a ,467.3,20.52,5.56
b i d b g b ,446.5,20.13,5.56
b i d b g c ,438,20.09,5.31
b i d b h a ,411.3,20.55,5.07
b i d b h b ,390.5,20.17,5.07
b i d b h c ,382,20.13,4.82
b i d c b a ,418.1,19.92,5.04
b i d c b b ,397.3,19.54,5.05
b i d c b c ,388.8,19.5,4.79
b i d c d a ,345.8,20.19,4.03
b i d c d b ,325,19.8,4.04
b i d c d c ,316.6,19.76,3.78
b i d c g a ,445.6,19.98,5.48
b i d c g b ,424.8,19.6,5.49
b i d c g c ,416.3,19.56,5.24
b i d c h a ,389.6,20.02,5
b i d c h b ,368.8,19.63,5
b i d c h c ,360.3,19.59,4.75
b i d d b a ,436.9,19.88,4.99
b i d d b b ,416.1,19.5,5
b i d d b c ,407.6,19.46,4.75
b i d d d a ,364.6,20.14,3.98
b i d d d b ,343.8,19.76,3.99
b i d d d c ,335.3,19.72,3.73
b i d d g a ,464.4,19.94,5.44
b i d d g b ,443.6,19.56,5.44
b i d d g c ,435.1,19.52,5.19
b i d d h a ,408.3,19.97,4.95
b i d d h b ,387.5,19.59,4.95
b i d d h c ,379.1,19.55,4.7
b i d e b a ,389.4,19.08,4.76
b i d e b b ,368.6,18.7,4.77
b i d e b c ,360.1,18.66,4.51
b i d e d a ,317.1,19.34,3.75
b i d e d b ,296.3,18.96,3.75
b i d e d c ,287.8,18.92,3.5
b i d e g a ,416.9,19.14,5.2
b i d e g b ,396.1,18.76,5.21
b i d e g c ,387.6,18.72,4.96
b i d e h a ,360.8,19.17,4.71
b i d e h b ,340,18.79,4.72
b i d e h c ,331.6,18.75,4.47
c ala b b a ,367.5,22.52,4.95
c ala b b b ,346.7,22.13,4.96
c ala b b c ,338.2,22.09,4.71
c ala b d a ,295.2,22.78,3.94
c ala b d b ,274.4,22.4,3.95
c ala b d c ,266,22.36,3.69
c ala b g a ,395,22.57,5.4
c ala b g b ,374.2,22.19,5.4
c ala b g c ,365.8,22.15,5.15
c ala b h a ,339,22.61,4.91
c ala b h b ,318.2,22.23,4.91
c ala b h c ,309.7,22.19,4.66
c ala c b a ,345.8,21.98,4.88
c ala c b b ,325,21.6,4.89
c ala c b c ,316.5,21.56,4.63
c ala c d a ,273.5,22.24,3.87
c ala c d b ,252.7,21.86,3.88
c ala c d c ,244.3,21.82,3.62
c ala c g a ,373.3,22.04,5.32
c ala c g b ,352.5,21.65,5.33
c ala c g c ,344.1,21.62,5.08
c ala c h a ,317.3,22.07,4.84
c ala c h b ,296.5,21.69,4.84
c ala c h c ,288,21.65,4.59
c ala d b a ,364.6,21.94,4.83
c ala d b b ,343.8,21.55,4.84
c ala d b c ,335.3,21.52,4.59
c ala d d a ,292.3,22.2,3.82
c ala d d b ,271.5,21.82,3.83
c ala d d c ,263,21.78,3.57
c ala d g a ,392.1,22,5.28
c ala d g b ,371.3,21.61,5.28
c ala d g c ,362.8,21.57,5.03
c ala d h a ,336.1,22.03,4.79
c ala d h b ,315.2,21.65,4.79
c ala d h c ,306.8,21.61,4.54
c ala e b a ,317.1,21.14,4.6
c ala e b b ,296.3,20.76,4.61
c ala e b c ,287.8,20.72,4.35
c ala e d a ,244.8,21.4,3.59
c ala e d b ,224,21.02,3.59
c ala e d c ,215.5,20.98,3.34
c ala e g a ,344.6,21.2,5.04
c ala e g b ,323.8,20.81,5.05
c ala e g c ,315.3,20.78,4.8
c ala e h a ,288.6,21.23,4.55
c ala e h b ,267.8,20.85,4.56
c ala e h c ,259.3,20.81,4.31
c ald b b a ,476.5,22.1,5.93
c ald b b b ,455.7,21.71,5.94
c ald b b c ,447.2,21.68,5.69
c ald b d a ,404.2,22.36,4.92
c ald b d b ,383.4,21.98,4.93
c ald b d c ,374.9,21.94,4.68
c ald b g a ,504,22.16,6.38
c ald b g b ,483.2,21.77,6.39
c ald b g c ,474.7,21.73,6.13
c ald b h a ,448,22.19,5.89
c ald b h b ,427.2,21.81,5.9
c ald b h c ,418.7,21.77,5.64
c ald c b a ,454.8,21.56,5.86
c ald c b b ,434,21.18,5.87
c ald c b c ,425.5,21.14,5.62
c ald c d a ,382.5,21.83,4.85
c ald c d b ,361.7,21.44,4.86
c ald c d c ,353.2,21.4,4.6
c ald c g a ,482.3,21.62,6.31
c ald c g b ,461.5,21.24,6.31
c ald c g c ,453,21.2,6.06
c ald c h a ,426.3,21.65,5.82
c ald c h b ,405.5,21.27,5.82
c ald c h c ,397,21.23,5.57
c ald d b a ,473.6,21.52,5.81
c ald d b b ,452.7,21.14,5.82
c ald d b c ,444.3,21.1,5.57
c ald d d a ,401.3,21.78,4.8
c ald d d b ,380.5,21.4,4.81
c ald d d c ,372,21.36,4.56
c ald d g a ,501.1,21.58,6.26
c ald d g b ,480.3,21.19,6.27
c ald d g c ,471.8,21.16,6.01
c ald d h a ,445,21.61,5.77
c ald d h b ,424.2,21.23,5.78
c ald d h c ,415.8,21.19,5.52
c ald e b a ,426.1,20.72,5.58
c ald e b b ,405.2,20.34,5.59
c ald e b c ,396.8,20.3,5.33
c ald e d a ,353.8,20.98,4.57
c ald e d b ,333,20.6,4.58
c ald e d c ,324.5,20.56,4.32
c ald e g a ,453.6,20.78,6.02
c ald e g b ,432.8,20.4,6.03
c ald e g c ,424.3,20.36,5.78
c ald e h a ,397.5,20.81,5.54
c ald e h b ,376.7,20.43,5.54
c ald e h c ,368.3,20.39,5.29
c u a b b a ,266.2,19.7,3.6
c u a b b b ,245.4,19.32,3.61
c u a b b c ,237,19.28,3.36
c u a b d a ,193.9,19.97,2.59
c u a b d b ,173.1,19.59,2.6
c u a b d c ,164.7,19.55,2.34
c u a b g a ,293.7,19.76,4.05
c u a b g b ,272.9,19.38,4.05
c u a b g c ,264.5,19.34,3.8
c u a b h a ,237.7,19.8,3.56
c u a b h b ,216.9,19.42,3.56
c u a b h c ,208.5,19.38,3.31
c u a c b a ,244.5,19.17,3.53
c u a c b b ,223.7,18.79,3.54
c u a c b c ,215.3,18.75,3.28
c u a c d a ,172.3,19.43,2.52
c u a c d b ,151.4,19.05,2.52
c u a c d c ,143,19.01,2.27
c u a c g a ,272.1,19.23,3.97
c u a c g b ,251.2,18.84,3.98
c u a c g c ,242.8,18.81,3.73
c u a c h a ,216,19.26,3.48
c u a c h b ,195.2,18.88,3.49
c u a c h c ,186.8,18.84,3.24
c u a d b a ,263.3,19.13,3.48
c u a d b b ,242.5,18.74,3.49
c u a d b c ,234,18.7,3.23
c u a d d a ,191,19.39,2.47
c u a d d b ,170.2,19.01,2.48
c u a d d c ,161.8,18.97,2.22
c u a d g a ,290.8,19.18,3.92
c u a d g b ,270,18.8,3.93
c u a d g c ,261.6,18.76,3.68
c u a d h a ,234.8,19.22,3.44
c u a d h b ,214,18.84,3.44
c u a d h c ,205.5,18.8,3.19
c u a e b a ,215.8,18.33,3.25
c u a e b b ,195,17.94,3.25
c u a e b c ,186.5,17.91,3
c u a e d a ,143.5,18.59,2.24
c u a e d b ,122.7,18.21,2.24
c u a e d c ,114.3,18.17,1.99
c u a e g a ,243.3,18.39,3.69
c u a e g b ,222.5,18,3.7
c u a e g c ,214.1,17.96,3.45
c u a e h a ,187.3,18.42,3.2
c u a e h b ,166.5,18.04,3.21
c u a e h c ,158,18,2.96
c u d b b a ,375.2,19.29,4.58
c u d b b b ,354.4,18.9,4.59
c u d b b c ,345.9,18.86,4.34
c u d b d a ,302.9,19.55,3.57
c u d b d b ,282.1,19.17,3.58
c u d b d c ,273.7,19.13,3.33
c u d b g a ,402.7,19.34,5.03
c u d b g b ,381.9,18.96,5.03
c u d b g c ,373.5,18.92,4.78
c u d b h a ,346.7,19.38,4.54
c u d b h b ,325.9,19,4.55
c u d b h c ,317.4,18.96,4.29
c u d c b a ,353.5,18.75,4.51
c u d c b b ,332.7,18.37,4.52
c u d c b c ,324.3,18.33,4.27
c u d c d a ,281.2,19.01,3.5
c u d c d b ,260.4,18.63,3.51
c u d c d c ,252,18.59,3.25
c u d c g a ,381,18.81,4.96
c u d c g b ,360.2,18.43,4.96
c u d c g c ,351.8,18.39,4.71
c u d c h a ,325,18.84,4.47
c u d c h b ,304.2,18.46,4.47
c u d c h c ,295.7,18.42,4.22
c u d d b a ,372.3,18.71,4.46
c u d d b b ,351.5,18.33,4.47
c u d d b c ,343,18.29,4.22
c u d d d a ,300,18.97,3.45
c u d d d b ,279.2,18.59,3.46
c u d d d c ,270.7,18.55,3.21
c u d d g a ,399.8,18.77,4.91
c u d d g b ,379,18.38,4.91
c u d d g c ,370.5,18.34,4.66
c u d d h a ,343.8,18.8,4.42
c u d d h b ,323,18.42,4.43
c u d d h c ,314.5,18.38,4.17
c u d e b a ,324.8,17.91,4.23
c u d e b b ,304,17.53,4.24
c u d e b c ,295.5,17.49,3.98
c u d e d a ,252.5,18.17,3.22
c u d e d b ,231.7,17.79,3.23
c u d e d c ,223.2,17.75,2.97
c u d e g a ,352.3,17.97,4.67
c u d e g b ,331.5,17.58,4.68
c u d e g c ,323,17.55,4.43
c u d e h a ,296.3,18,4.18
c u d e h b ,275.5,17.62,4.19
c u d e h c ,267,17.58,3.94
c c a b b a ,235.2,19.69,3.48
c c a b b b ,214.4,19.31,3.48
c c a b b c ,205.9,19.27,3.23
c c a b d a ,162.9,19.95,2.47
c c a b d b ,142.1,19.57,2.47
c c a b d c ,133.6,19.53,2.22
c c a b g a ,262.7,19.75,3.92
c c a b g b ,241.9,19.36,3.93
c c a b g c ,233.4,19.33,3.68
c c a b h a ,206.7,19.78,3.43
c c a b h b ,185.9,19.4,3.44
c c a b h c ,177.4,19.36,3.19
c c a c b a ,213.5,19.15,3.41
c c a c b b ,192.7,18.77,3.41
c c a c b c ,184.2,18.73,3.16
c c a c d a ,141.2,19.42,2.39
c c a c d b ,120.4,19.03,2.4
c c a c d c ,111.9,19,2.15
c c a c g a ,241,19.21,3.85
c c a c g b ,220.2,18.83,3.86
c c a c g c ,211.7,18.79,3.6
c c a c h a ,185,19.25,3.36
c c a c h b ,164.2,18.86,3.37
c c a c h c ,155.7,18.82,3.11
c c a d b a ,232.2,19.11,3.36
c c a d b b ,211.4,18.73,3.36
c c a d b c ,203,18.69,3.11
c c a d d a ,160,19.37,2.35
c c a d d b ,139.2,18.99,2.35
c c a d d c ,130.7,18.95,2.1
c c a d g a ,259.8,19.17,3.8
c c a d g b ,239,18.79,3.81
c c a d g c ,230.5,18.75,3.56
c c a d h a ,203.7,19.2,3.31
c c a d h b ,182.9,18.82,3.32
c c a d h c ,174.5,18.78,3.07
c c a e b a ,184.7,18.31,3.12
c c a e b b ,163.9,17.93,3.13
c c a e b c ,155.5,17.89,2.88
c c a e d a ,112.5,18.58,2.11
c c a e d b ,91.7,18.19,2.12
c c a e d c ,83.2,18.15,1.87
c c a e g a ,212.3,18.37,3.57
c c a e g b ,191.5,17.99,3.57
c c a e g c ,183,17.95,3.32
c c a e h a ,156.2,18.4,3.08
c c a e h b ,135.4,18.02,3.09
c c a e h c ,127,17.98,2.83
c c d b b a ,344.2,19.27,4.46
c c d b b b ,323.3,18.89,4.47
c c d b b c ,314.9,18.85,4.21
c c d b d a ,271.9,19.53,3.45
c c d b d b ,251.1,19.15,3.46
c c d b d c ,242.6,19.11,3.2
c c d b g a ,371.7,19.33,4.9
c c d b g b ,350.9,18.95,4.91
c c d b g c ,342.4,18.91,4.66
c c d b h a ,315.6,19.36,4.41
c c d b h b ,294.8,18.98,4.42
c c d b h c ,286.4,18.94,4.17
c c d c b a ,322.5,18.73,4.39
c c d c b b ,301.7,18.35,4.39
c c d c b c ,293.2,18.31,4.14
c c d c d a ,250.2,19,3.38
c c d c d b ,229.4,18.62,3.38
c c d c d c ,220.9,18.58,3.13
c c d c g a ,350,18.79,4.83
c c d c g b ,329.2,18.41,4.84
c c d c g c ,320.7,18.37,4.59
c c d c h a ,293.9,18.83,4.34
c c d c h b ,273.1,18.44,4.35
c c d c h c ,264.7,18.41,4.1
c c d d b a ,341.2,18.69,4.34
c c d d b b ,320.4,18.31,4.35
c c d d b c ,312,18.27,4.09
c c d d d a ,268.9,18.96,3.33
c c d d d b ,248.1,18.57,3.34
c c d d d c ,239.7,18.53,3.08
c c d d g a ,368.7,18.75,4.78
c c d d g b ,347.9,18.37,4.79
c c d d g c ,339.5,18.33,4.54
c c d d h a ,312.7,18.79,4.29
c c d d h b ,291.9,18.4,4.3
c c d d h c ,283.4,18.36,4.05
c c d e b a ,293.7,17.89,4.11
c c d e b b ,272.9,17.51,4.11
c c d e b c ,264.5,17.47,3.86
c c d e d a ,221.4,18.16,3.09
c c d e d b ,200.6,17.77,3.1
c c d e d c ,192.2,17.74,2.85
c c d e g a ,321.2,17.95,4.55
c c d e g b ,300.4,17.57,4.56
c c d e g c ,292,17.53,4.3
c c d e h a ,265.2,17.99,4.06
c c d e h b ,244.4,17.6,4.07
c c d e h c ,235.9,17.57,3.82
c e a b b a ,207.2,20.29,2.76
c e a b b b ,186.4,19.9,2.77
c e a b b c ,178,19.86,2.51
c e a b d a ,135,20.55,1.75
c e a b d b ,114.2,20.17,1.76
c e a b d c ,105.7,20.13,1.5
c e a b g a ,234.8,20.34,3.2
c e a b g b ,214,19.96,3.21
c e a b g c ,205.5,19.92,2.96
c e a b h a ,178.7,20.38,2.71
c e a b h b ,157.9,20,2.72
c e a b h c ,149.5,19.96,2.47
c e a c b a ,185.6,19.75,2.69
c e a c b b ,164.7,19.37,2.69
c e a c b c ,156.3,19.33,2.44
c e a c d a ,113.3,20.01,1.68
c e a c d b ,92.5,19.63,1.68
c e a c d c ,84,19.59,1.43
c e a c g a ,213.1,19.81,3.13
c e a c g b ,192.3,19.43,3.14
c e a c g c ,183.8,19.39,2.89
c e a c h a ,157,19.84,2.64
c e a c h b ,136.2,19.46,2.65
c e a c h c ,127.8,19.42,2.4
c e a d b a ,204.3,19.71,2.64
c e a d b b ,183.5,19.33,2.65
c e a d b c ,175.1,19.29,2.39
c e a d d a ,132,19.97,1.63
c e a d d b ,111.2,19.59,1.64
c e a d d c ,102.8,19.55,1.38
c e a d g a ,231.8,19.77,3.08
c e a d g b ,211,19.38,3.09
c e a d g c ,202.6,19.34,2.84
c e a d h a ,175.8,19.8,2.59
c e a d h b ,155,19.42,2.6
c e a d h c ,146.5,19.38,2.35
c e a e b a ,156.8,18.91,2.41
c e a e b b ,136,18.53,2.41
c e a e b c ,127.6,18.49,2.16
c e a e d a ,84.5,19.17,1.39
c e a e d b ,63.7,18.79,1.4
c e a e d c ,55.3,18.75,1.15
c e a e g a ,184.3,18.97,2.85
c e a e g b ,163.5,18.58,2.86
c e a e g c ,155.1,18.55,2.6
c e a e h a ,128.3,19,2.36
c e a e h b ,107.5,18.62,2.37
c e a e h c ,99,18.58,2.11
c e d b b a ,316.2,19.87,3.74
c e d b b b ,295.4,19.48,3.75
c e d b b c ,287,19.45,3.5
c e d b d a ,244,20.13,2.73
c e d b d b ,223.1,19.75,2.74
c e d b d c ,214.7,19.71,2.48
c e d b g a ,343.7,19.93,4.19
c e d b g b ,322.9,19.54,4.19
c e d b g c ,314.5,19.5,3.94
c e d b h a ,287.7,19.96,3.7
c e d b h b ,266.9,19.58,3.7
c e d b h c ,258.5,19.54,3.45
c e d c b a ,294.5,19.33,3.67
c e d c b b ,273.7,18.95,3.68
c e d c b c ,265.3,18.91,3.42
c e d c d a ,222.3,19.6,2.66
c e d c d b ,201.4,19.21,2.67
c e d c d c ,193,19.17,2.41
c e d c g a ,322.1,19.39,4.11
c e d c g b ,301.2,19.01,4.12
c e d c g c ,292.8,18.97,3.87
c e d c h a ,266,19.43,3.62
c e d c h b ,245.2,19.04,3.63
c e d c h c ,236.8,19,3.38
c e d d b a ,313.3,19.29,3.62
c e d d b b ,292.5,18.91,3.63
c e d d b c ,284,18.87,3.38
c e d d d a ,241,19.55,2.61
c e d d d b ,220.2,19.17,2.62
c e d d d c ,211.8,19.13,2.36
c e d d g a ,340.8,19.35,4.07
c e d d g b ,320,18.96,4.07
c e d d g c ,311.6,18.93,3.82
c e d d h a ,284.8,19.38,3.58
c e d d h b ,264,19,3.58
c e d d h c ,255.5,18.96,3.33
c e d e b a ,265.8,18.49,3.39
c e d e b b ,245,18.11,3.4
c e d e b c ,236.5,18.07,3.14
c e d e d a ,193.5,18.75,2.38
c e d e d b ,172.7,18.37,2.38
c e d e d c ,164.3,18.33,2.13
c e d e g a ,293.3,18.55,3.83
c e d e g b ,272.5,18.17,3.84
c e d e g c ,264.1,18.13,3.59
c e d e h a ,237.3,18.58,3.34
c e d e h b ,216.5,18.2,3.35
c e d e h c ,208,18.16,3.1
c f a b b a ,301.6,19.22,3.39
c f a b b b ,280.8,18.84,3.4
c f a b b c ,272.4,18.8,3.15
c f a b d a ,229.4,19.49,2.38
c f a b d b ,208.6,19.1,2.39
c f a b d c ,200.1,19.06,2.14
c f a b g a ,329.2,19.28,3.84
c f a b g b ,308.4,18.9,3.84
c f a b g c ,299.9,18.86,3.59
c f a b h a ,273.1,19.31,3.35
c f a b h b ,252.3,18.93,3.35
c f a b h c ,243.9,18.89,3.1
c f a c b a ,279.9,18.68,3.32
c f a c b b ,259.1,18.3,3.33
c f a c b c ,250.7,18.26,3.07
c f a c d a ,207.7,18.95,2.31
c f a c d b ,186.9,18.57,2.32
c f a c d c ,178.4,18.53,2.06
c f a c g a ,307.5,18.74,3.76
c f a c g b ,286.7,18.36,3.77
c f a c g c ,278.2,18.32,3.52
c f a c h a ,251.4,18.78,3.28
c f a c h b ,230.6,18.4,3.28
c f a c h c ,222.2,18.36,3.03
c f a d b a ,298.7,18.64,3.27
c f a d b b ,277.9,18.26,3.28
c f a d b c ,269.4,18.22,3.03
c f a d d a ,226.4,18.91,2.26
c f a d d b ,205.6,18.52,2.27
c f a d d c ,197.2,18.49,2.02
c f a d g a ,326.2,18.7,3.72
c f a d g b ,305.4,18.32,3.72
c f a d g c ,297,18.28,3.47
c f a d h a ,270.2,18.74,3.23
c f a d h b ,249.4,18.35,3.23
c f a d h c ,240.9,18.32,2.98
c f a e b a ,251.2,17.84,3.04
c f a e b b ,230.4,17.46,3.05
c f a e b c ,222,17.42,2.79
c f a e d a ,178.9,18.11,2.03
c f a e d b ,158.1,17.73,2.03
c f a e d c ,149.7,17.69,1.78
c f a e g a ,278.7,17.9,3.48
c f a e g b ,257.9,17.52,3.49
c f a e g c ,249.5,17.48,3.24
c f a e h a ,222.7,17.94,2.99
c f a e h b ,201.9,17.56,3
c f a e h c ,193.4,17.52,2.75
c f d b b a ,410.6,18.8,4.38
c f d b b b ,389.8,18.42,4.38
c f d b b c ,381.4,18.38,4.13
c f d b d a ,338.3,19.07,3.36
c f d b d b ,317.5,18.68,3.37
c f d b d c ,309.1,18.65,3.12
c f d b g a ,438.1,18.86,4.82
c f d b g b ,417.3,18.48,4.83
c f d b g c ,408.9,18.44,4.57
c f d b h a ,382.1,18.9,4.33
c f d b h b ,361.3,18.51,4.34
c f d b h c ,352.8,18.48,4.08
c f d c b a ,388.9,18.27,4.3
c f d c b b ,368.1,17.88,4.31
c f d c b c ,359.7,17.85,4.06
c f d c d a ,316.6,18.53,3.29
c f d c d b ,295.8,18.15,3.3
c f d c d c ,287.4,18.11,3.05
c f d c g a ,416.4,18.32,4.75
c f d c g b ,395.6,17.94,4.75
c f d c g c ,387.2,17.9,4.5
c f d c h a ,360.4,18.36,4.26
c f d c h b ,339.6,17.98,4.27
c f d c h c ,331.1,17.94,4.01
c f d d b a ,407.7,18.22,4.25
c f d d b b ,386.9,17.84,4.26
c f d d b c ,378.4,17.8,4.01
c f d d d a ,335.4,18.49,3.24
c f d d d b ,314.6,18.11,3.25
c f d d d c ,306.2,18.07,3
c f d d g a ,435.2,18.28,4.7
c f d d g b ,414.4,17.9,4.71
c f d d g c ,405.9,17.86,4.45
c f d d h a ,379.2,18.32,4.21
c f d d h b ,358.4,17.94,4.22
c f d d h c ,349.9,17.9,3.96
c f d e b a ,360.2,17.43,4.02
c f d e b b ,339.4,17.04,4.03
c f d e b c ,330.9,17,3.78
c f d e d a ,287.9,17.69,3.01
c f d e d b ,267.1,17.31,3.02
c f d e d c ,258.7,17.27,2.76
c f d e g a ,387.7,17.48,4.47
c f d e g b ,366.9,17.1,4.47
c f d e g c ,358.5,17.06,4.22
c f d e h a ,331.7,17.52,3.98
c f d e h b ,310.9,17.14,3.98
c f d e h c ,302.4,17.1,3.73
c i a b b a ,268.7,19.79,3.43
c i a b b b ,247.9,19.41,3.44
c i a b b c ,239.4,19.37,3.18
c i a b d a ,196.4,20.05,2.42
c i a b d b ,175.6,19.67,2.42
c i a b d c ,167.1,19.63,2.17
c i a b g a ,296.2,19.85,3.87
c i a b g b ,275.4,19.46,3.88
c i a b g c ,266.9,19.43,3.63
c i a b h a ,240.1,19.88,3.38
c i a b h b ,219.3,19.5,3.39
c i a b h c ,210.9,19.46,3.14
c i a c b a ,247,19.25,3.36
c i a c b b ,226.2,18.87,3.36
c i a c b c ,217.7,18.83,3.11
c i a c d a ,174.7,19.52,2.35
c i a c d b ,153.9,19.14,2.35
c i a c d c ,145.4,19.1,2.1
c i a c g a ,274.5,19.31,3.8
c i a c g b ,253.7,18.93,3.81
c i a c g c ,245.2,18.89,3.55
c i a c h a ,218.5,19.35,3.31
c i a c h b ,197.6,18.96,3.32
c i a c h c ,189.2,18.93,3.07
c i a d b a ,265.7,19.21,3.31
c i a d b b ,244.9,18.83,3.32
c i a d b c ,236.5,18.79,3.06
c i a d d a ,193.5,19.48,2.3
c i a d d b ,172.6,19.09,2.3
c i a d d c ,164.2,19.05,2.05
c i a d g a ,293.3,19.27,3.75
c i a d g b ,272.4,18.89,3.76
c i a d g c ,264,18.85,3.51
c i a d h a ,237.2,19.31,3.26
c i a d h b ,216.4,18.92,3.27
c i a d h c ,208,18.88,3.02
c i a e b a ,218.2,18.41,3.07
c i a e b b ,197.4,18.03,3.08
c i a e b c ,189,17.99,2.83
c i a e d a ,146,18.68,2.06
c i a e d b ,125.2,18.29,2.07
c i a e d c ,116.7,18.26,1.82
c i a e g a ,245.8,18.47,3.52
c i a e g b ,224.9,18.09,3.53
c i a e g c ,216.5,18.05,3.27
c i a e h a ,189.7,18.51,3.03
c i a e h b ,168.9,18.12,3.04
c i a e h c ,160.5,18.08,2.78
c i d b b a ,377.6,19.37,4.41
c i d b b b ,356.8,18.99,4.42
c i d b b c ,348.4,18.95,4.16
c i d b d a ,305.4,19.64,3.4
c i d b d b ,284.6,19.25,3.41
c i d b d c ,276.1,19.21,3.15
c i d b g a ,405.2,19.43,4.85
c i d b g b ,384.4,19.05,4.86
c i d b g c ,375.9,19.01,4.61
c i d b h a ,349.1,19.46,4.37
c i d b h b ,328.3,19.08,4.37
c i d b h c ,319.9,19.04,4.12
c i d c b a ,355.9,18.83,4.34
c i d c b b ,335.1,18.45,4.35
c i d c b c ,326.7,18.41,4.09
c i d c d a ,283.7,19.1,3.33
c i d c d b ,262.9,18.72,3.33
c i d c d c ,254.4,18.68,3.08
c i d c g a ,383.5,18.89,4.78
c i d c g b ,362.7,18.51,4.79
c i d c g c ,354.2,18.47,4.54
c i d c h a ,327.4,18.93,4.29
c i d c h b ,306.6,18.55,4.3
c i d c h c ,298.2,18.51,4.05
c i d d b a ,374.7,18.79,4.29
c i d d b b ,353.9,18.41,4.3
c i d d b c ,345.5,18.37,4.04
c i d d d a ,302.4,19.06,3.28
c i d d d b ,281.6,18.67,3.29
c i d d d c ,273.2,18.64,3.03
c i d d g a ,402.2,18.85,4.73
c i d d g b ,381.4,18.47,4.74
c i d d g c ,373,18.43,4.49
c i d d h a ,346.2,18.89,4.25
c i d d h b ,325.4,18.5,4.25
c i d d h c ,316.9,18.47,4
c i d e b a ,327.2,17.99,4.06
c i d e b b ,306.4,17.61,4.06
c i d e b c ,298,17.57,3.81
c i d e d a ,254.9,18.26,3.05
c i d e d b ,234.1,17.88,3.05
c i d e d c ,225.7,17.84,2.8
c i d e g a ,354.7,18.05,4.5
c i d e g b ,333.9,17.67,4.51
c i d e g c ,325.5,17.63,4.25
c i d e h a ,298.7,18.09,4.01
c i d e h b ,277.9,17.7,4.02
c i d e h c ,269.4,17.67,3.77
